Bag,Oyster,Whole_Mass_g,Body_Mass_g,WM_nowb,BM_nowb,Dry_Body_Mass_g,Dry_Whole_Mass_g
98-1,1,26.8,8.6,26.8,8.6,1.961,15.587
98-1,2,40.7,11.6,40.7,11.6,2.307,25.938
98-1,3,32.6,9.6,32.6,9.6,1.833,20.609
98-1,4,63.3,17,63.3,17,2.75,40.38
98-1,5,42.9,12.2,42.9,12.2,2.398,26.824
98-1,6,23.2,6.2,23.2,6.2,1.736,15.725
98-1,7,21.2,4.5,21.2,4.5,1.657,13.584
98-1,8,27,8.6,27,8.6,1.931,17.627
98-1,9,43.3,11.4,43.3,11.4,2.626,28.905
98-1,10,20.9,5.7,20.9,5.7,1.69,13.915
28-2,1,40.5,11.1,40.5,11.1,2.703,27.149
28-2,2,24.6,7.1,24.6,7.1,2.032,15.285
28-2,3,70.8,20.9,70.8,20.9,3.831,41.45
28-2,4,83.2,26.29,83.2,26.29,5.039,47.75
28-2,5,61.6,20.6,61.6,20.6,3.864,38.31
28-2,6,33.6,7.7,33.6,7.7,2.18,22.992
28-2,7,32.1,9.5,32.1,9.5,2.334,20.316
28-2,8,27.9,7.1,27.9,7.1,1.924,18.564
28-2,9,41.2,13.6,41.2,13.6,3.826,25.295
28-2,10,66.5,19.4,66.5,19.4,3.839,39.57
94-1,1,44.4,12,44.4,12,3.01,31.01
94-1,2,56.8,14.5,56.8,14.5,3.147,35.56
94-1,3,25.6,6.8,25.6,6.8,2.027,17.989
94-1,4,42.6,11.6,42.6,11.6,2.817,31.974
94-1,5,54.6,15.4,54.6,15.4,3.204,34.13
94-1,6,44.7,10.5,44.7,10.5,2.66,29.788
94-1,7,29.2,7,29.2,7,1.874,18.518
94-1,8,41.8,14,41.8,14,3.032,22.481
94-1,9,33.5,8.7,33.5,8.7,2.117,21.63
94-1,10,44.8,12.6,44.8,12.6,2.618,29.537
95-1,1,38.8,8.2,38.8,8.2,2.281,25.431
95-1,2,48.9,14.7,48.9,14.7,3.017,30.945
95-1,3,40.5,10.8,40.5,10.8,2.463,26.86
95-1,4,24.3,4.1,24.3,4.1,1.63,15.828
95-1,5,43,11.1,43,11.1,2.825,29.117
95-1,6,48.5,12.5,48.5,12.5,2.888,31.651
95-1,7,24.8,5.4,24.8,5.4,1.728,16.743
95-1,8,21.9,5.9,21.9,5.9,1.841,14.875
95-1,9,41.8,11.4,41.8,11.4,2.385,27.355
95-1,10,27.1,7.3,27.1,7.3,1.857,18.324
43-1,1,59.2,18.2,59.2,18.2,3.966,41.35
43-1,2,39.7,13.2,39.7,13.2,3.742,26.604
43-1,3,32.1,7,32.1,7,2.508,23.16
43-1,4,33.2,11,33.2,11,2.339,22.314
43-1,5,48.4,15.4,48.4,15.4,3.31,29.99
43-1,6,50.7,18,50.7,18,3.852,32.271
43-1,7,45.1,13.7,45.1,13.7,2.966,26.756
43-1,8,38.5,14.2,38.5,14.2,3.325,24.34
43-1,9,43.5,15.1,43.5,15.1,4.183,26.737
43-1,10,49.2,12.2,49.2,12.2,2.974,32.127
93-1,1,16.7,3.3,16.7,3.3,1.555,12.123
93-1,2,37.3,7.7,37.3,7.7,1.947,24.293
93-1,3,39.1,9.2,39.1,9.2,2.193,25.622
93-1,4,47.6,12.6,47.6,12.6,2.801,31.488
93-1,5,25.3,7.6,25.3,7.6,2.025,16.99
93-1,6,28.5,10,28.5,10,2.334,19.339
93-1,7,43.1,12.1,43.1,12.1,2.644,26.894
93-1,8,33.9,9.2,33.9,9.2,2.188,21.703
93-1,9,45.5,11.4,45.5,11.4,2.477,31.767
93-1,10,44.7,11,44.7,11,2.798,29.476
29-1,1,55.3,17.4,55.3,17.4,4.583,34.76
29-1,2,39.8,11.2,39.8,11.2,3.251,25.684
29-1,3,49.7,14.3,49.7,14.3,3.755,32.221
29-1,4,77.2,21.5,77.2,21.5,4.564,50.04
29-1,5,69.8,19.1,69.8,19.1,4.188,42.87
29-1,6,65.1,22.4,65.1,22.4,4.826,34.05
29-1,7,66.2,19.3,66.2,19.3,4.621,42.91
29-1,8,63.6,13.4,63.6,13.4,3.183,41.68
29-1,9,57.6,15.9,57.6,15.9,3.924,42.87
29-1,10,88.1,25.8,88.1,25.8,4.502,56.84
95-2,1,45.9,14.3,45.9,14.3,2.239,30.121
95-2,2,42.3,12.3,42.3,12.3,2.932,31.077
95-2,3,19.9,5.3,19.9,5.3,1.707,13.514
95-2,4,38.1,14.1,38.1,14.1,2.617,23.96
95-2,5,33.5,8.1,33.5,8.1,2.538,24.249
95-2,6,52.4,15.8,52.4,15.8,2.582,35.05
95-2,7,41.8,13.5,41.8,13.5,2.634,27.658
95-2,8,37.1,10.7,37.1,10.7,2.585,24.759
95-2,9,34.4,11.7,34.4,11.7,2.074,20.69
95-2,10,28,10.2,28,10.2,2.199,17.625
44-1,1,31.7,7.6,31.7,7.6,2.342,21.992
44-1,2,41.8,13.8,41.8,13.8,3.648,27.635
44-1,3,26.8,5.6,26.8,5.6,2.409,19.746
44-1,4,50.5,13,50.5,13,3.366,35.25
44-1,5,37.6,8.2,37.6,8.2,2.508,27.749
44-1,6,42.7,11.2,42.7,11.2,3.092,27.889
44-1,7,44.5,7,44.5,7,2.639,33.82
44-1,8,35.9,8.9,35.9,8.9,2.704,26.286
44-1,9,45.1,12.1,45.1,12.1,3.285,30.878
44-1,10,87.4,20.2,87.4,20.2,4.23,59.49
27-1,1,44.3,10.1,44.3,10.1,2.99,30.635
27-1,2,51.4,13.4,51.4,13.4,3.091,33.97
27-1,3,58,14.4,58,14.4,3.623,38.1
27-1,4,50.8,16.3,50.8,16.3,4.042,35.27
27-1,5,54.2,15.5,54.2,15.5,3.934,37.29
27-1,6,55.9,13.6,55.9,13.6,3.85,38.15
27-1,7,59.9,15.4,59.9,15.4,3.291,43.11
27-1,8,69.5,22.1,69.5,22.1,5.543,48.64
27-1,9,37.5,14,37.5,14,2.973,25.744
27-1,10,53.5,15.7,53.5,15.7,3.637,39.88
45-2,1,61.3,19.5,60,18.2,3.48,37.19
45-2,2,37.1,8.3,35.8,7,2.166,23.513
45-2,3,34.8,9.4,33.5,8.1,2.412,23.135
45-2,4,42.9,12.9,41.6,11.6,2.361,27.811
45-2,5,41.3,13.3,40,12,2.474,26.415
45-2,6,45.3,10.8,44,9.5,2.285,30.649
45-2,7,73.6,25.7,72.3,24.4,4.436,41.04
45-2,8,49.4,19.2,48.1,17.9,3.574,29.773
45-2,9,49.2,15,47.9,13.7,2.682,31.053
45-2,10,64.9,20.6,63.6,19.3,3.138,36.9
97-1,1,38.1,9.5,36.8,8.2,2.287,25.893
97-1,2,43.1,13.1,41.8,11.8,2.978,28.478
97-1,3,42,12,40.7,10.7,2.449,28.886
97-1,4,43.9,14,42.6,12.7,2.675,30.729
97-1,5,44.5,13.2,43.2,11.9,2.491,28.687
97-1,6,30.4,9.3,29.1,8,2.045,20.02
97-1,7,60.3,17.4,59,16.1,3.243,38.98
97-1,8,21,7,19.7,5.7,1.711,13.144
97-1,9,30.6,10.3,29.3,9,2.481,20.24
97-1,10,41.4,15.8,40.1,14.5,3.133,25.893
93-2,1,39.3,12.8,38,11.5,2.661,25.015
93-2,2,23.1,8.1,21.8,6.8,2.004,14.521
93-2,3,54.5,19.3,53.2,18,2.796,31.815
93-2,4,29,8.8,27.7,7.5,1.871,19.072
93-2,5,58,17,56.7,15.7,2.861,39.71
93-2,6,52,18.4,50.7,17.1,3.319,31.855
93-2,7,23.6,7.4,22.3,6.1,2.001,15.75
93-2,8,35.4,11.2,34.1,9.9,2.072,22.68
93-2,9,50.3,16.3,49,15,2.87,32.86
93-2,10,49.8,14.4,48.5,13.1,2.594,33.75
28-1,1,65.3,19.8,64,18.5,4.036,43.71
28-1,2,74.3,18.7,73,17.4,4.052,48.75
28-1,3,48.7,16.4,47.4,15.1,3.693,32.251
28-1,4,56,18.2,54.7,16.9,4.534,36.92
28-1,5,50.1,15.8,48.8,14.5,2.862,32.304
28-1,6,46.3,13.2,45,11.9,3.377,33.06
28-1,7,37.2,9.7,35.9,8.4,2.719,22.889
28-1,8,51.4,14.4,50.1,13.1,2.817,33.71
28-1,9,71.4,20.2,70.1,18.9,4.593,46.51
28-1,10,43.4,12.4,42.1,11.1,2.889,29.903
45-1,1,39.4,13.3,39.4,13.3,2.392,23.265
45-1,2,69.5,20.6,69.5,20.6,3.412,44.08
45-1,3,29.5,8.4,29.5,8.4,2.249,19.04
45-1,4,44.2,12.5,44.2,12.5,2.775,27.824
45-1,5,42,12,42,12,3.069,28.49
45-1,6,65.3,13,65.3,13,3.501,43.03
45-1,7,58.3,13.5,58.3,13.5,3.1,38.4
45-1,8,76.2,25.2,76.2,25.2,4.035,48.81
45-1,9,29.9,9.4,29.9,9.4,2.201,17.934
45-1,10,69.4,22.1,69.4,22.1,4.005,38.53
99-1,1,46.7,17.1,46.7,17.1,3.446,28.894
99-1,2,49.6,15.5,49.6,15.5,3.275,30.76
99-1,3,61.1,20.3,61.1,20.3,3.811,37.64
99-1,4,26.3,7.1,26.3,7.1,1.894,18.556
99-1,5,43.8,13.8,43.8,13.8,2.831,28.702
99-1,6,37.4,9.8,37.4,9.8,2.764,25.933
99-1,7,39.9,11.4,39.9,11.4,2.569,26.863
99-1,8,41,10.5,41,10.5,2.448,30.36
99-1,9,43.4,13.5,43.4,13.5,3.124,29.193
99-1,10,44.3,14.1,44.3,14.1,3.015,29.967
98-2,1,48.1,14.4,46.8,13.1,2.936,31.915
98-2,2,56.6,15.1,55.3,13.8,2.924,39.02
98-2,3,33.7,8.5,32.4,7.2,2.412,23.772
98-2,4,48.3,13.7,47,12.4,3.362,30.884
98-2,5,51,17.8,49.7,16.5,2.839,32.385
98-2,6,62.8,18,61.5,16.7,3.724,44.57
98-2,7,54,15,52.7,13.7,3.095,35.19
98-2,8,36,9.5,34.7,8.2,2.296,25.335
98-2,9,35.5,8.8,34.2,7.5,2.042,24.998
98-2,10,41.6,10.4,40.3,9.1,2.554,27.541
43-2,1,46.6,14.4,45.3,13.1,3.718,29.346
43-2,2,63.6,16.9,62.3,15.6,3.36,42.45
43-2,3,61,20.5,59.7,19.2,4.112,38.83
43-2,4,46,14.9,44.7,13.6,3.158,29.64
43-2,5,35.8,6.4,34.5,5.1,2.239,23.228
43-2,6,34.8,9.9,33.5,8.6,2.27,24.569
43-2,7,59.3,19.4,58,18.1,3.043,37.78
43-2,8,62.4,21.4,61.1,20.1,4.592,38.55
43-2,9,26.1,7.5,24.8,6.2,1.834,17.08
43-2,10,72.4,24,71.1,22.7,3.949,46.12